テーマＩＤ,問題ＩＤ,タイトル,問題本文,解答１,解答２,解答３,解答４,解答５,解答６,解答７,解答８,解答９,解答１０
1,1,電気事業法の目的,電気事業法第１条より# この法律は、電気事業の{1}かつ{2}ならしめることによって、電気の{3}を保護し、及び電気事業の{4}を図るとともに、電気工作物の{5}を規制することによって、{6}を確保し、及び{7}を図ることを目的とする。,運営を適正/運用を適正/運営を適切/運用を適切,合理的/計画的/効率的,使用者の利益/使用者の設備/利用者の利益/利用者の設備,健全な発達/健全な発展/安定性の確保/安定性の向上,工事、維持#及び運用/工事、管理#及び運用/施工、検査#及び管理/工事、維持#及び運営,公共の安全/電気の保安/公衆の安全/電気の安全,環境の保全/環境の保護/供給能力の確保/電気の安定供給,,,
1,2,小売供給,電気事業法第２条より#「小売供給」とは、{1}に応じ電気を供給することをいう。#「小売電気事業者」とは、小売電気事業を営むことについて{2}をいう。,一般の需要/小規模な需要/事業者の需要/一般の電気設備,経済産業大臣の#登録を受けた者/経済産業大臣の#許可を受けた者/経済産業大臣に#承認を受けた者/経済産業大臣に#届出した者,,,,,,,,
1,3,供給の定義１,電気事業法第２条より#他の者から受電した者が他の者に受電した電気の量に相当する量の電気を供給することをなんというか？,振替供給/接続供給/間接供給/代替供給,,,,,,,,,
1,4,供給の定義２,電気事業法第２条より#小売供給を行う事業を営む他の者から受電した者が、当該他の者の小売電気事業の用に供するための電気の量に相当する量の電気を供給することをなんというか？,接続供給/振替供給/代替供給/代理供給,,,,,,,,,
1,5,供給の定義３,電気事業法第２条より#振替供給および接続供給を総称してなんというか？,託送供給/代送供給/代替供給/間接供給,,,,,,,,,
1,6,電気事業法第２条,電気事業法第２条より#{1}とは、自らが維持し、及び運用する送電用及び配電用の電気工作物により、その供給区域において託送供給及び{2}を行う事業をいう。また、次に掲げる小売供給を行う事業を含むものとする。|〇その供給区域における#{3}に応ずる電気の供給を保障するための電気の供給（これを「最終保障供給」という。）|〇その供給区域内に離島がある場合において、当該離島における{3}に応ずる電気の供給を保障するための電気の供給（これを「離島供給」という。）「一般送配電事業者」とは、{1}を営むことについて{4}の{5}を受けた者をいう。,一般送配電事業/一般送電事業/送配電事業/一般電気事業,電力量調整供給/電力調整供給/電圧調整供給/電流調整供給,一般の需要/事業用の供給/自家用の供給/一般の供給,経済産業大臣/経済産業省/産業保安監督部/内閣総理大臣,許可/認可/届出/登録,,,,,
1,7,電気事業法第２条,電気事業法第２条より#{1}とは、自らが維持し、及び運用する送電用の電気工作物により一般送配電事業者に{2}を行う事業をいう。@「送電事業者」とは、{1}を営むことについて{3}の{4}を受けた者をいう。,送電事業/送配電事業/一般送配電事業/小売電気事業者,振替供給/託送供給/接続供給/小売供給,経済産業大臣/経済産業省/産業保安監督部/内閣総理大臣,許可/認可/届出/登録,,,,,,
1,8,電気事業法第２条,電気事業法第２条より#{1}とは、自らが維持し、及び運用する送電用及び{2}の電気工作物により*特定の供給地点*において小売供給又は託送供給を行う事業をいう。@「特定送配電事業者」とは、{1}を営むことについて{3}に{4}をした者をいう。,特定送配電事業/一般送配電事業/一般送電事業/送配電事業,配電用/供給用/送配電用/一般用,経済産業大臣/経済産業省/産業保安監督部/内閣総理大臣,届出/登録/許可/認可,,,,,,
1,9,電気事業法第２条,電気事業法第２条より#{1}とは、自らが維持し、及び運用する発電用の電気工作物を用いて電気を発電する事業をいう。@「発電事業者」とは、{1}を営むことについて{2}に{3}をした者をいう。,発電事業/一般送配電事業/一般送電事業/送配電事業,経済産業大臣/経済産業省/産業保安監督部/内閣総理大臣,届出/登録/許可/認可,,,,,,,
1,10,電気事業法第２６条,電気事業法第２６条より#一般送配電事業者は、その供給する電気の{1}及び周波数の値を電気事業法施行規則第３８条で定める値に維持するように努めなければならない。電気事業法第３８条に規定する電圧値は、その電気を供給する場所において次のとおりとする。@標準電圧１００[V]は{2}[V]を超えない値@標準電圧２００[V]は{3}[V]を超えない値,電圧/電流/電力/電力量,１０１±６/１０１±8/１０１±１０/１０２±２０,２０２±２０/２０２±１０/２０２±８/２０１±６,,,,,,,
1,11,電気事業法第３４条,電気事業法第３４条より#経済産業大臣は、電気の需給の調整を行わなければ電気の供給の不足が国民経済及び国民生活に悪影響を及ぼし、公共の利益を阻害するおそれがあると認められるときは、その事態を克服するため必要な限度において、{1}、{2}、使用の用途若しくは使用を{3}すべき日時を定めて、電気の使用を制限すべきこと又は受電電力の容量の限度を定めて小売電気事業者等からの受電を制限すべきことを命じ、又は{4}することができる。,使用電力量の限度/使用最大電力量の限度/最大需要電力量の限度,使用最大電力の限度/使用最大電力の限度/最大需要電力の限度,停止/一時停止/制限/中止,勧告/報告一時停止/一時中断,,,,,,
1,12,電気事業法第３８条,電気事業法第３８条より#「一般用電気工作物」とは、次に掲げる電気工作物をいう。@①{1}[V]以下の電圧で受電する電気工作物。@②受電のための電線路以外の電線路により{2}の場所にある電気工作物と電気的に接続されていないもの。@③{3}に設置する小出力発電設備。|ただし、次に掲げる電気工作物を除く。@①小出力発電設備以外の発電用の電気工作物と同一の{2}に設置するもの。@②火薬類を製造する事業場に設置するもの。ただし、煙火を除く。@③石炭坑に設置するもの。,600/700/1000/6600,構内以外/構外以外/構内/構外,構内/構内以外/構外以外/構外,,,,,,,
1,13,電気事業法第３８条,電気事業法第３８条より#{1}とは、一般用電気工作物以外の電気工作物をいう。@{2}とは電気事業の用に供する電気工作物及び一般用電気工作物以外の電気工作物をいう。,事業用電気工作物/自家用電気工作物,自家用電気工作物/事業用電気工作物,,,,,,,,
1,14,電気事業法施行規則第４８条,電気事業法施行規則第４８条より#「小出力発電設備」とは、次のとおり。@①太陽電池発電設備であって出力{1}[kW]未満のもの。@②風力発電設備であって出力{2}[kW]未満のもの。@③水力発電設備であって出力{2}[kW]未満かつ最大使用水量が１[㎥/s]未満のものただし、ダムを伴うものを除く。@④内燃力を原動力とする火力発電設備であって出力{3}[kW]未満のもの@⑤次のいずれかに該当する燃料電池発電設備であって出力{3}[kW]未満のもの#〇固体高分子型又は固体酸化物型の燃料電池発電設備であって、燃料・改質系統設備の最高使用圧力が０．１[MPa]未満のもの#〇道路運送車両法に規定する自動車に設置される燃料電池発電設備であって、道路運送車両の保安基準に適合するもの@⑥発電用火力設備に関する技術基準を定める省令に規定するスターリングエンジンで発生させた運動エネルギーを原動力とする発電設備であって出力{3}[kW]未満のもの@ただし、同一の構内に①～⑥の設備を設置する場合出力の合計が{4}[kW]以上となるものを除く。,50/20/30/10,20/30/40/50,10/20/30/50,50/40/20/10,,,,,,
1,15,電気事業法第３８条の２,電気事業法第３８条の２より#主務省令で定める技術基準は、次に掲げるところによらなければならない。@①事業用電気工作物は、人体に危害を及ぼし、又は{1}に損傷を与えないようにすること。@②事業用電気工作物は、他の電気的設備その他の物件の機能に{2}な障害を与えないようにすること。@③事業用電気工作物の損壊により一般送配電事業者の{3}に著しい支障を及ぼさないようにすること。@④事業用電気工作物が一般送配電事業の用に供される場合にあっては、その事業用電気工作物の損壊によりその一般送配電事業に係る電気の供給に著しい支障を生じないようにすること。,物件/他の工作物/建物,電気的又は磁気的/電気的又は機械的/電気的又は機能的,電気の供給/設備の運用/供給設備の機能,,,,,,,
1,16,電気事業法第４０条,電気事業法第４０条より#主務大臣は、事業用電気工作物が技術基準に適合していないと認めるときは、事業用電気工作物を{1}に対し、その技術基準に適合するように事業用電気工作物を{2}し、改造し、若しくは{3}し、若しくはその使用を一時停止すべきことを命じ、又はその使用を{4}することができる。,設置する者/管理する者/運用する者/販売する者,修理/変更,移転/撤去,制限/禁止/廃止/中止,,,,,,
1,17,電気事業法第４２条,電気事業法第４２条より#事業用電気工作物を設置する者は、事業用電気工作物の工事、維持及び運用に関する{1}を確保するため、保安を{2}に確保することが必要な事業用電気工作物の組織ごとに{3}を定め、当該組織における事業用電気工作物の使用の{4}に、主務大臣に届け出なければならない。事業用電気工作物を設置する者及びその{5}は、{3}を守らなければならない。,保安/保全/保守,一体的/全体的/一時的,保安規程/保安規則/保安教育,開始前/開始後,従業者/従業員/管理者/取扱者,,,,,
1,18,電気事業法第４２条,電気事業法第４２条より#事業用電気工作物を設置する者は、保安規程を変更したときは、{1}、変更した事項を{2}に届け出なければならない。{2}は、事業用電気工作物の工事、維持及び運用に関する{3}を確保するため必要があると認めるときは、事業用電気工作物を{4}に対し、{5}を変更すべきことを命ずることができる,遅滞なく/30日以内に,主務大臣/経済産業省/産業保安監督部/内閣総理大臣,保安/保全/保守,設置する者/管理する者/運用する者/販売する者,保安規程/保安規則/保安教育,,,,,
1,19,電気事業法施行規則第５０条,電気事業法施行規則第５０条より#需要設備の保安規程は次の事項を定めるものとする。@①事業用電気工作物の工事、維持又は運用に関する業務を管理する者の職務及び{1}に関すること。@②事業用電気工作物の工事、維持又は運用に従事する者に対する{2}に関すること。@③事業用電気工作物の工事、維持及び運用に関する保安のための巡視、{3}及び検査に関すること。@④事業用電気工作物の運転又は{4}に関すること。@⑤発電所の運転を相当期間停止する場合における{5}の方法に関すること。@⑥災害その他非常の場合に採るべき{6}に関すること。@⑦事業用電気工作物の工事、維持及び運用に関する保安についての{7}に関すること。@⑧事業用電気工作物の法定事業者検査又は使用前自己確認に係る{8}及び記録の保存に関すること。@⑨その他事業用電気工作物の工事、維持及び運用に関する保安に関し必要な事項,組織/業務/保安,保安教育/保安規程/保安規則,点検/調査/結果,操作/誤操作/操縦,保全/保安/保守,措置/行動,記録/記事/記載,実施体制/実施業務,,
1,20,電気事業法第４３条,電気事業法第４３条より#事業用電気工作物を{1}は、事業用電気工作物の工事、維持及び運用に関する保安の{2}をさせるため、主任技術者を選任しなければならない。#また、{3}を{1}は、主務大臣の許可を受けて、主任技術者免状の交付を受けていない者を主任技術者として選任することができる。@（補足）選任する者の所有する電気工事士資格や設備の規模等により許可の基準が定められている。,設置する者/管理する者/運用する者/販売する者,監督/監視/管理,自家用電気工作物/一般用電気工作物/事業用電気工作物,,,,,,,
1,21,電気事業法第４３条,電気事業法第４３条より#主任技術者は、事業用電気工作物の工事、維持及び運用に関する保安の監督の職務を{1}に行わなければならない。事業用電気工作物の工事、維持又は運用に従事する者は、主任技術者がその保安のためにする{2}に従わなければならない。,誠実/確実/忠実,指示/命令/指導,,,,,,,,
1,22,電気事業法施行規則第５６条,電気事業法施行規則第５６条より#主任技術者の監督範囲は次のとおり。@①第１種電気主任技術者は、すべての事業用電気工作物の工事、維持及び運用。@②第２種電気主任技術者は、電圧{1}[V]未満の事業用電気工作物の工事、維持及び運用。@③第３種電気主任技術者は、電圧{2}[V]未満かつ発電所においては出力{3}[kW]未満の事業用電気工作物の工事、維持及び運用。@ただし、①～③において第１種ダム水路主任技術者及び第１種ボイラー・タービン主任技術者の監督範囲は除かれる。,17万/20万/25万/27万,５万/１０万/１７万/５０万,5000/50000/1000/10000,,,,,,,
1,23,電気事業法第４８条,電気事業法第４８条（工事計画の事前届出）より#事業用電気工作物の工事であって、主務省令で定めるものをしようとする者は、その工事の計画を主務大臣に届け出なければならない。@また、その届出が受理された日から{1}を経過した後でなければ、その届出に係る工事を開始してはならない。,３０日/１０日/３１日,,,,,,,,,
1,24,電気事業法施行規則の別表第２,電気事業法施行規則の別表第２より#需要設備における工事計画の事前届出を要する工事の例は次のとおり。@①受電電圧{1}[V]以上の需要設備の設置の工事@②変更の工事であって次の設備に係るもの。@〇他の者が設置する電気工作物と{2}に接続するための電圧{3}以上の遮断器の設置、取替、{3}以上の遮断電流の変更を伴う改造の工事。@〇電圧{1}[V]以上であって容量１万[kVA]以上の変圧器の設置、取替、{3}以上の容量の変更を伴う改造の工事。,１万/５万/7000/１７万,電気的/物理的,20%/10%/30%/50%,,,,,,,
1,25,電気事業法施行規則の別表第２,電気事業法施行規則の別表第２より#太陽電池における工事計画の事前届出を要する工事の例は次のとおり。@①出力{1}[kW]以上の太陽電池の設置、取替、{2}以上の電圧の変更若しくは支持物の{3}の変更を伴う改造の工事。@②出力{1}[kW]以上の太陽電池の修理であって、支持物の{3}に影響を及ぼすもの。,2000/1000/500/50,20%/10%/30%/50%,強度/構造/外観/材質,,,,,,,
1,26,電気事業法第５６条,電気事業法第５６条より#{1}は、{2}が経済産業省令で定める技術基準に適合していないと認めるときは、その所有者又は{3}に対し、その技術基準に適合するように一般用電気工作物を修理し、改造し、若しくは移転し、若しくはその使用を一時停止すべきことを命じ、又はその使用を{4}することができる。,経済産業大臣/所轄産業保安#監督部長,一般用電気工作物/事業用電気工作物/自家用電気工作物,占有者/管理者,制限/停止勧告,,,,,,
1,27,電気工事士法第１条,電気工事士法第１条より#この法律は、電気工事の作業に従事する者の資格及び{1}を定め、もって電気工事の{2}による{3}の発生の防止に寄与することを目的とする。,義務/責任,欠陥/不良,災害/感電/火災,,,,,,,
1,29,電気工事士法第４条,電気工事士法第４条より#第１種電気工事士は、第１種電気工事士免状の交付を受けた日から{1}に、{2}の保安に関する講習を受けなければならない。,５年以内/３年以内/１年以内/７年以内,自家用電気工作物/一般用電気工作物/事業用電気工作物,,,,,,,,
1,30,電気工事業法第１条,電気工事業法第１条より#電気工事業の業務の適正化に関する法律（これを「電気工事業法」という。）は、電気工事業を営む者の{1}及びその業務の{2}を行うことにより、その業務の{3}な実施を確保し、もって一般用電気工作物及び自家用電気工作物の保安の確保に資することを目的とする。,登録/届出/職務,規制/制限/監督/管理,適正/合理的/円滑,,,,,,,
1,31,電気工事業法第１９条,電気工事業法第１９条より#{1}は、その一般用電気工事の業務を行う営業所毎に、一般用電気工事の作業を管理させるため、第１種電気工事士又は{2}の実務経験を有する第２種電気工事士を、主任電気工事士として、置かなければならない。,登録電気工事業者/通知電気工事業者,３年以上/５年以上/７年以上,,,,,,,,
1,32,電気工事業法第２０条,電気工事業法第２０条より#主任電気工事士は、一般用電気工事による危険及び{1}が発生しないように一般用電気工事の作業の管理の職務を{2}に行わなければならない。,障害/欠陥/不良工事,誠実/確実/合理的/効率的,,,,,,,,
1,33,電気用品安全法第１条,電気用品安全法第１条より#この法律は、電気用品の製造、{1}等を規制するとともに、電気用品の安全性の確保につき民間事業者の{2}な活動を促進することにより、電気用品による{3}の発生を防止することを目的とする。,販売/開発/宣伝,自主的/合理的/経済的/効率的,危険及び障害/感電及び火災,,,,,,,
1,34,電気用品安全法第２条,電気用品安全法第２条より#この法律において「電気用品」とは、次のものをいう。@①一般用電気工作物の部分となり、又はこれに接続して用いられる機械、器具又は{1}であって、政令で定めるもの@②{2}発電機であって、政令で定めるもの@③{3}であって、政令で定めるもの,材料/配線/電線,携帯発電機/非常用発電装置,蓄電池/乾電池,,,,,,,
1,35,電気用品安全法第２条,電気用品安全法第２条より#この法律において「特定電気用品」とは、{1}又は使用方法、その他の使用状況からみて特に危険又は{2}の発生するおそれが多い電気用品であって、政令で定めるものをいう。,構造/用途/使用電圧,障害/火災/感電,,,,,,,,
1,36,電気用品安全法第３条,電気用品安全法第３条より#電気用品の製造又は{1}の事業を行う者は、事業開始の日から{2}以内に、諸事項を経済産業大臣に{3}なければならない。なお、前項の{3}をした者を「{3}事業者」という。,輸入/輸出/開発/宣伝,３０日/１０日/２０日/９０日,届出/登録,,,,,,,
1,37,電気用品安全法第２７条,電気用品安全法第２７条より#電気用品の製造、{1}又は販売の事業を行う者は、同法の規定による{2}マークが付されているものでなければ、電気用品を販売し、又は販売の目的で{3}してはならない。,輸入/輸出/開発/宣伝,ＰＳＥ/ＪＩＳ/ＪＥＴ/ＤＹＭ,陳列/宣伝/紹介,,,,,,,
1,38,電気関係報告規則第３条,電気関係報告規則第３条より#{1}又は自家用電気工作物を設置する者は、報告対象の事故が発生したときは、事故の発生を知った時から{2}以内、可能な限り速やかに事故の発生の日時及び場所、事故が発生した電気工作物並びに事故の概要について、電話等の方法により報告する。事故の発生を知った日から起算して{3}以内に電気事故の報告書を提出する。,電気事業者/送配電事業者/発電事業者/送電事業者,２４時間/４８時間/１２時間/６時間,３０日/２０日/１０日/７日,,,,,,,
1,39,電気関係報告規則第３条,電気関係報告規則第３条より#{1}への報告対象（1/2）@①人が死傷した事故ただし、死亡又は病院等に{2}した場合に限る。@②電気火災事故ただし、工作物にあっては、{3}以上の場合に限る。@③他の物件に損傷を与え、又はその機能の全部又は一部を損なわせた事故@④送配電事業の用に供する電気工作物と電気的に接続されている電圧{4}[V]以上の自家用電気工作物の破損又は自家用電気工作物の誤操作若しくは自家用電気工作物を{5}により{6}又は{7}に供給支障を発生させた事故@⑤電気工作物に係る{8}に影響を及ぼした事故,所轄産業保安#監督部長/経済産業大臣,入院/通院,半焼/部分焼/ボヤ,3000/6000/10000,操作しないこと/操作すること,一般送配電事業者/発電事業者,特定送配電事業者/発電事業者,社会的/経済的,,
1,40,電気関係報告規則第３条,電気関係報告規則第３条より#{1}への報告対象（2/2）次に掲げるものに属する主要電気工作物の破損事故@①出力{2}[kW]未満の水力発電所@②汽力を原動力とする火力発電所@③出力{3}[kW]以上のガスタービンを原動力とする火力発電所@④出力{4}[kW]以上の内燃力を原動力とする火力発電所@⑤出力{5}[kW]以上の燃料電池発電所@⑥出力{6}[kW]以上の太陽電池発電所@⑦出力{7}[kW]以上の風力発電所@⑧電圧{8}[V]以上の需要設備,所轄産業保安#監督部長/経済産業大臣,９０万/８０万/１００万/５０万,1000/2000/500/5000,10000/5000/2000/1000,500/50/1000/2000,50/20/500/2000,20/50/500/2000,10000/6000/3000/50000,,
2,1,定義1,「電路」とは、#{1}状態で電気が通じているところをいう。,通常の使用/異常時の/最大負荷,,,,,,,,,
2,2,定義2,「発電所」とは、#発電機、原動機、燃料電池、太陽電池等を施設して電気を発生させる所をいう。ただし次のものを除く。#〇{1}設備#〇{2}を得る目的で施設するもの#〇電気用品安全法の適用を受ける{3},小出力発電/原子力発電/風力発電/バイオマス発電,非常用予備電源/緊急用予備電源/常用電源,携帯発電機/モバイルバッテリー/常用発電機/小型発電機,,,,,,,
2,3,定義3,「変電所」とは、#{1}から伝送される電気を{1}に施設した変圧器、回転変流機、整流器等により{2}する所であって、{2}した電気をさらに{3}に伝送するものをいう。,構外/構内/構内以外/発電所,変成/変圧/変流,構外/構内/構内以外,,,,,,,
2,4,定義4,「変電所に準ずる場所」とは、#{1}において高圧又は特別高圧の電気を受電し、変圧器その他の電気機械器具により電気を{2}する場所をいう。,需要場所/電気使用場所/受電場所/電気を供給する場所,変成/変圧/変流,,,,,,,,
2,5,定義5,「接触防護措置」とは、次のいずれかに適合するように施設することをいう。|（Ａ）設備を、屋内にあっては床上{1}[m]以上、屋外にあっては地表上{2}[m]以上の高さに、かつ、人が通る場所から{3}範囲に施設すること。|（Ｂ）設備に人が接近又は接触しないよう、{4}等を設け、又は設備を{5}に収める等の防護措置を施すこと。,2.3/2.5/1.8/2.0,2.5/2.3/1.8/2.0,手を伸ばしても触れることのない/容易に触れることのない/邪魔にならない,さく、へい/隔壁/施錠装置/危険である旨の表示,金属管/合成樹脂管/防護管/CD管,,,,,
2,6,定義6,「簡易接触防護措置」とは、次のいずれかに適合するように施設することをいう。|（Ａ）設備を、屋内にあっては床上{1}[m]以上、屋外にあっては地表上{2}[m]以上の高さに、かつ、人が通る場所から{3}範囲に施設すること。|（Ｂ）設備に人が接近又は接触しないよう、{4}等を設け、又は設備を{5}に収める等の防護措置を施すこと。,1.8/2.0/2.3/2.5,2/1.8/2.3/2.5,容易に触れることのない/手を伸ばしても触れることのない,さく、へい/隔壁/施錠装置/危険である旨の表示,金属管/合成樹脂管/防護管/CD管,,,,,
2,7,定義7,「電線」とは、{1}の伝送に使用する電気導体等をいう。,強電流電気/弱電流電気/電気,,,,,,,,,
2,8,定義8,「電線路」とは、#発電所、変電所、開閉所、電気使用場所等の相互間の電線及びこれを{1}し、又は{2}する工作物をいう。#ただし「{3}」を除く。,支持/保持,保蔵/貯蔵,電車線/き電線/弱電流電線/電力保安通信線,,,,,,,
2,9,定義9,「調相設備」とは、#{1}を調整する電気機械器具をいう。,無効電力/力率/有効電力/皮相電力,,,,,,,,,
2,10,定義10,電技第２条第１項より、#電圧の種別については次のとおり。|「低圧」は#交流{1}[V]以下#直流{2}[V]以下|「高圧」は#{3}[V]以下|「特別高圧」は#{4}[V]超過,600/750/300/450,750/600/450/300,7000/6000/3000/6600,7000/6000/3000/6600,,,,,,
2,11,定義11,「使用電圧（公称電圧）」とは、#電路を代表する{1}をいう。,線間電圧/相電圧/対地電圧/最大電圧,,,,,,,,,
2,12,定義12,「最大使用電圧」とは、#{1}状態において電路に加わる最大の{2}をいう。,通常の使用/異常時の/最大負荷,線間電圧/相電圧/対地電圧/最大電圧,,,,,,,,
2,13,定義13,「着雪時風圧荷重」とは、#架渉線の周囲に比重{1}の雪が同心円状に付着した状態に対し、甲種風圧荷重の{2}倍を基礎として計算したもの。,0.6/0.9/0.5/0.3,0.3/0.6/0.5/0.9,,,,,,,,
2,14,定義14,「第１次接近状態」とは、#架空電線が、他の工作物と接近する場合において、当該架空電線が他の工作物の上方又は側方において、水平距離で{1}[m]以上、かつ、架空電線路の支持物の地表上の高さに相当する距離以内に施設されることにより、架空電線路の電線の{2}、支持物の{3}等の際に、当該電線が他の工作物に{4}するおそれがある状態をいう。,3/1/5/6,切断/断線/短絡/絶縁劣化,倒壊/破損/施設/破壊,接触/接近,,,,,,
2,15,定義15,「第２次接近状態」とは、#架空電線が他の工作物と{1}する場合において、当該架空電線が他の工作物の上方又は側方において水平距離で{2}[m]未満に施設される状態をいう。,接近/接触/交差/混触,3/5/10/8,,,,,,,,
2,16,定義16,電気事業法の要件に該当する発電事業を営む者以外の者が設置する発電設備等であって、一般送配電事業者が運用する電力系統に連系するものを「{1}」という。,分散型電源/小出力発電設備/非常用予備電源/常用電源,,,,,,,,,
2,17,定義17,「逆潮流」とは、#分散型電源設置者の構内から、一般送配電事業者が運用する電力系統側へ向かう{1}の流れをいう。,有効電力/無効電力/皮相電力/最大電力,,,,,,,,,
2,18,定義18,「単独運転」とは、#分散型電源を連系している電力系統が事故等によって系統電源と切り離された状態において、当該分散型電源が発電を{1}し、{2}に{3}を供給している状態をいう。,継続/中断/停止/解列,線路負荷/構内負荷/電力系統/一般用配電事業者,有効電力/無効電力/皮相電力/最大電力,,,,,,,
2,19,定義19,「逆充電」とは、#分散型電源を連系している電力系統が事故等によって系統電源と切り離された状態において、分散型電源のみが、連系している電力系統を{1}し、かつ、当該電力系統へ{2}を供給していない状態をいう。,加圧/解列/連系/切り離,有効電力/無効電力/皮相電力/最大電力,,,,,,,,
2,20,定義20,「自立運転」とは、#分散型電源が、連系している電力系統から{1}された状態において、当該分散型電源設置者の{2}にのみ電力を供給している状態をいう。,解列/連系/切り離/自立,構内負荷/線路負荷/電力系統/一般用配電事業者,,,,,,,,
2,21,定義21,単独運転移行時に生じる電圧位相又は周波数等の変化により、単独運転状態を検出する装置を「{1}方式の単独運転検出装置」という。,受動的/能動的/自動的/安定的,,,,,,,,,
2,22,定義22,分散型電源の有効電力出力又は無効電力出力等に平時から{1}を与えておき、単独運転移行時に当該変動に起因して生じる周波数等の変化により、単独運転状態を検出する装置を「{2}方式の単独運転検出装置」という。,変動/負荷/刺激/影響,能動的/受動的/自動的/安定的,,,,,,,,
2,23,電技第４条,電技第４条より、#電気設備は、{1}、{2}その他{3}に{4}を及ぼし、又は{5}に{6}を与えるおそれがないように施設しなければならない。,感電/漏電/接触/感知,火災/短絡/接近/地絡,人体/人畜/家畜/交通,危害/危険/影響/障害,物件/支持物/電気工作物/交通,損傷/損壊/危害/影響,,,,
2,24,電技第５条（１）,電技第５条第１項より、#電路は、{1}から絶縁しなければならない。ただし、構造上やむを得ない場合であって通常予見される使用{2}を考慮し危険のおそれがない場合、又は{3}による{4}の侵入等の異常が発生した際の危険を回避するための{5}、その他の保安上必要な措置を講ずる場合は、この限りでない。,大地/機器/絶縁体/接地,形態/状態/頻度/目的,混触/短絡/地絡/漏電,高電圧/電圧/電流/有効電力,接地/絶縁/措置/機器,,,,,
2,25,電技第５条（２）,電技第５条第２項より、#電路と大地との絶縁性能は、事故時に想定される{1}を考慮し、{2}による危険のおそれがないものでなければならない。,異常電圧/過電圧/電圧上昇/短絡電流,絶縁破壊/混触/漏電/短絡,,,,,,,,
2,26,解釈第１５条（１）,解釈第１５条より抜粋１、#機械器具等の電路を除く{1}の電路は、次の各号のいずれかに適合する絶縁性能を有すること。|（Ａ）規定する試験電圧を電路と{2}との間に連続して{3}分間加えたとき、これに耐える性能を有すること。#ただし、多心ケーブルにあっては、{4}間及び心線と大地との間に試験電圧を加えること。|（Ｂ）電線にケーブルを使用する交流の電路においては、規定する試験電圧の{5}倍の{6}電圧を加えたとき、これに耐える性能を有すること。,高圧又は特別高圧/すべて/低圧/特別高圧,大地/電路/機器/変圧器,10/5/1/30,心線相互/電気的遮へい層/電線被覆,2/1/1.1/1.25,直流/交流/常規対地/線間,,,,
2,27,解釈第１５条（２）,解釈第１５条より抜粋２、#機械器具等の電路を除く高圧又は特別高圧の電路の試験電圧は次のとおり。|最大使用電圧７０００[V]以下の交流電路#試験電圧：最大使用電圧の{1}倍の交流電圧|最大使用電圧７０００[V]以下の直流電路#試験電圧：最大使用電圧の{2}倍の直流電圧又は{3}倍の交流電圧|最大使用電圧が７０００[V]を超え６００００[V]以下の電路#試験電圧：最大使用電圧の{4}倍の電圧※。,1.5/1.1/1.25/2.0,1.5/1.1/1.25/2.0,1/2/1.5/1.25,1.25/1.1/1.5/1.0,,,,,,
2,28,解釈第１６条（１）,解釈第１６条より抜粋２、#変圧器の電路の試験電圧は次のとおり。|最大使用電圧７０００[V]以下の巻線#試験電圧：最大使用電圧の{1}倍の電圧※|最大使用電圧が７０００[V]を超え６００００[V]以下の巻線#試験電圧：最大使用電圧の{2}倍の電圧※。,1.5/1.25/1.1/1.0,1.25/1.5/1.1/1.0,,,,,,,,
2,29,解釈第１６条（２）,解釈第１６条より抜粋３、#回転機は、次の各号のいずれかに適合する絶縁性能を有すること。|（Ａ）規定する試験電圧を巻線と大地との間に連続して{1}分間加えたとき、これに耐える性能を有すること。|（Ｂ）回転変流機を除く交流の回転機においては、規定する試験電圧の{2}倍の直流電圧を加えたとき、これに耐える性能を有すること。,10/1/5/30,1.6/1.5/1.25/2,,,,,,,,
2,30,解釈第１６条（３）,解釈第１６条より抜粋４、回転変流機を除く交流の回転機の試験電圧は次のとおり。|最大使用電圧７０００[V]以下のもの#試験電圧：最大使用電圧の{1}倍の電圧※|最大使用電圧が７０００[V]を超えるもの試験電圧：最大使用電圧の{2}倍の電圧※。,1.5/1.25/1.1/1.6,1.25/1.5/1.6/1.1,,,,,,,,
2,31,解釈第１６条（４）,解釈第１６条より抜粋５、#太陽電池モジュールは、次の各号のいずれかに適合する絶縁性能を有すること。@（Ａ）最大使用電圧の{1}倍の直流電圧又は{2}倍の交流電圧を充電部分と大地との間に連続して{3}分間加えたとき、これに耐える性能を有すること。#ただし、試験電圧が{4}[V]未満となる場合は、試験電圧を{5}[V]とする。@（Ｂ）使用電圧が低圧の場合は、日本産業規格の「結晶系太陽電池モジュール」又は「アモルファス太陽電池モジュール」の諸規格に適合するものであるとともに、電技第５８条（低圧の電路の絶縁性能）の規定に準ずるものであること。#（補足）Ｂの条件において、低圧の場合に限り工場試験記録を確認した場合、現地での{6}を省略できる。,1.5/1.1/2/1.25,1/1.5/2/1.25,10/1/5/30,500/600/450/300,500/600/450/300,絶縁耐力試験/使用前自主検査/使用前安全管理審査/絶縁抵抗測定,,,,
2,32,電技第５条,電技第５条第３項より、#変成器内の巻線相互間の絶縁性能は、事故時に想定される{1}を考慮し、{2}による危険のおそれがないものでなければならない。,異常電圧/過電圧/電圧上昇/短絡電流,絶縁破壊/混触/漏電/短絡,,,,,,,,
2,33,電技第７条,電技第７条より、#電線を接続する場合は、接続部分において電線の{1}を{2}させないように接続するほか、絶縁性能の{3}及び通常の使用{4}において{5}のおそれがないようにしなければならない。,電気抵抗/絶縁抵抗/接地抵抗,増加/変化/低下,低下/変化/増加,状態/形態/頻度/方法,断線/切断/短絡/漏電,,,,,
2,34,解釈第１２条,解釈第１２条より抜粋、#裸電線相互、又は裸電線と絶縁電線、キャブタイヤケーブル若しくはケーブルとを接続する場合は、電線の{1}を増加させないように接続するとともに、次によること。|①電線の{2}を{3}[％]以上減少させないこと。#ただし、ジャンパー線等の接続の場合はこの限りではない。|②接続部分には、接続管その他の器具を使用し、又は{4}すること※。|③絶縁電線相互又は絶縁電線とコード、キャブタイヤケーブル若しくはケーブルとを接続する場合は、①②に準じるほか、次のいずれかによること。#（Ａ）接続部分の絶縁電線の絶縁物と同等以上の{5}のある{6}を使用すること。#（Ｂ）接続部分をその部分の絶縁電線の絶縁物と同等以上の{7}のあるもので十分に被覆すること。|コード相互、キャブタイヤケーブル相互、ケーブル相互又はこれらのもの相互を接続する場合は、コード接続器、接続箱その他の器具を使用すること※。,電気抵抗/絶縁抵抗/接地抵抗,引張強さ/電気抵抗/絶縁抵抗/強度,20/10/15/30,ろう付け/被覆/ねじ止め/圧着,絶縁効力/引張強さ/絶縁抵抗/接地抵抗,接続器/絶縁テープ/金属管/絶縁物,絶縁効力/引張強さ/絶縁抵抗/接地抵抗,,,
2,35,電技第８条,電技第８条より、#電路に施設する電気機械器具は、通常の使用状態においてその電気機械器具に発生する{1}に耐えるものでなければならない。,熱/圧力/電流/磁気,,,,,,,,,
2,36,電技第９条,電技第９条第１項より、#高圧又は特別高圧の電気機械器具は、{1}が容易に触れるおそれがないように施設しなければならない。ただし、{2}による危険のおそれがない場合は、この限りでない。,取扱者以外の者/一般公衆/通行人/電気工事士以外の者,接触/接近/感知/感電,,,,,,,,
2,37,解釈第２１条,解釈第２１条より、#高圧の機械器具は、次の各号のいずれかにより施設すること。ただし、発電所又は変電所、開閉所若しくはこれらに準ずる場所に施設する場合はこの限りでない。|（Ａ）{1}であって、{2}以外の者が出入りできないように措置した場所に施設すること。|（Ｂ）次により施設すること。ただし、工場等の構内においては、次の（２）及び（３）の規定によらないことができる。#（１）人が触れるおそれがないように、機械器具の周囲に適当な{3}等を設けること。#（２）前項の規定により施設する{3}等の高さと、当該{3}等から機械器具の充電部分までの距離との和を{4}[m]以上とすること。#（３）危険である旨の表示をすること。|（Ｃ）機械器具に附属する高圧電線にケーブル又は引下げ用高圧絶縁電線を使用し、機械器具を人が触れるおそれがないように地表上{5}[m]以上の高さに施設すること。#ただし、市街地外においては{6}[m]以上の高さに施設すること。|（Ｄ）機械器具を{7}製の箱又は{8}接地工事を施した金属製の箱に収め、かつ、充電部分が露出しないように施設すること。|（Ｅ）充電部分が露出しない機械器具を、次のいずれかにより施設すること。#（a）{9}を施すこと。#（b）温度上昇により、又は故障の際に、その近傍の大地との間に生じる{10}により、人若しくは家畜又は他の工作物に危険のおそれがないように施設すること。,屋内/屋外/構内/構外,取扱者/担当者/従事者/電気工事士,さく、へい/隔壁/施錠装置/危険である旨の表示,5/5.5/6/4,4.5/5/5.5/6,4/4.5/5.5/5,コンクリート/金属/絶縁/プラスチック,D種/A種/B種/C種,簡易接触防護措置/接触防護措置/高圧保安工事/接地工事,電位差/電圧上昇/異常電圧/静電気
2,38,解釈第２２条,解釈第２２条より抜粋、#特別高圧の機械器具は、次の各号のいずれかにより施設すること。ただし、発電所又は変電所、開閉所若しくはこれらに準ずる場所に施設する場合はこの限りでない。|（Ａ）規定により施設するさくの高さと、当該さくから機械器具の充電部分までの距離との和を、使用電圧により規定する値以上とする。|（Ｂ）機械器具を地表上{1}[m]以上の高さに施設し、充電部分の地表上の高さを使用電圧により規定する値以上とし、かつ、人が触れるおそれがないように施設すること。使用電圧による距離の規定値は、#〇３５０００[V]以下は{2}[m]#〇３５０００[V]を超え１６００００[V]以下は{3}[m] |（Ｃ）工場等の構内において、機械器具を絶縁された箱又は{4}接地工事を施した金属製の箱に収め、かつ、{5}部分が露出しないように施設すること。,5/6/4/5.5,5/6/4/5.5,6/5/4/5.5,A種/D種/B種/C種,充電/通電/金属/印加,,,,,
2,39,解釈第３８条（１）,解釈第３８条第１項より、#高圧又は特別高圧の機械器具等を屋外に施設する発変電所等は、次の各号により構内に{1}以外の者が立ち入らないような措置を講じること。|①{2}等を設けること。|②特別高圧の機械器具等を施設する場合は、前号の{2}等の高さと、{2}等から{3}部分までの距離との和は、#使用電圧３５０００[V]以下の場合は{4}[ｍ]以上、使用電圧３５０００[V]を超え１６００００[V]以下の場合は{5}[m]以上とすること。|③出入口に立入りを{6}する旨を表示すること。|④出入口に{7}を施設して施錠する等、取扱者以外の者の出入りを*制限*する措置を講じること。ただし、工場等の構内において施設する場合や{8}製の箱等に収めて施設する場合はこの限りではない。,取扱者/担当者/従事者/電気工事士,さく、へい/隔壁/施錠装置/危険である旨の表示,充電/通電/金属/印加,5/6/4/5.5,6/5/4/5.5,禁止/制限/許可/承諾,施錠装置/鍵/門/扉,金属/コンクリート/プラスチック/絶縁,,
2,40,解釈第３８条（２）,解釈第３８条第２項より、#高圧又は特別高圧の機械器具等を屋内に施設する発変電所等は、次の各号により構内に{1}以外の者が立ち入らないような措置を講じること。ただし、同条前項の規定（屋外に施設する発変電所等）により施設したさく、へいの内部については、この限りでない。|①次のいずれかによること。#（Ａ）堅ろうな壁を設けること。#（Ｂ）さく、へい等を設け、当該さく、へい等の高さと、さく、へい等から充電部分までの距離との{2}を、#使用電圧{3}[V]以下の場合は５.０[ｍ]以上、#使用電圧{3}[V]を超え{4}[V]以下の場合は６.０[m]以上とすること。|②{5}に立入りを禁止する旨を表示すること。|③出入口に施錠装置を施設して施錠する等、取扱者以外の者の出入りを制限する措置を講じること。ただし、工場等の構内において施設する場合や金属製の箱等に収めて施設する場合はこの限りではない。,取扱者/担当者/従事者/電気工事士,和/差/積/商,35000/7000/10000/50000,160000/50000/170000/100000,出入口/構内/見える位置/さく、へい,,,,,
2,41,電技第９条,電技第９条第２項より、#高圧又は特別高圧の開閉器、遮断器、避雷器等であって、動作時に{1}を生ずるものは、{2}のおそれがないよう、{3}の壁又は天井、その他の{4}の物から離して施設しなければならない。ただし、{5}の物で両者の間を隔離した場合は、この限りでない。,アーク/火花/爆発/騒音,火災/感電/火傷/短絡,木製/金属製/絶縁性/プラスチック製,可燃性/爆発性/耐熱性/腐食性,耐火性/難燃性/不燃性/自消性のある難燃性,,,,,
2,42,解釈第２３条,解釈第２３条より抜粋、#高圧用又は特別高圧用の開閉器、遮断器又は避雷器その他これらに類する器具であって、動作時に{1}を生じるものは、次の各号のいずれかにより施設すること。|（Ａ）{2}のもので{1}を生じる部分を囲むことにより、木製の壁又は天井その他の{3}のものから隔離すること。|（Ｂ）木製の壁又は天井その他の可燃性のものとの離隔距離を規定する値以上とすること。使用電圧により規定する離隔距離は次のとおり。#高圧は#離隔距離{4}[m]以上#３５０００[V]以下は#離隔距離{5}[m]以上#ただし、動作時に生じるアークの方向及び長さを火災が発生するおそれがないように制限した場合にあっては#離隔距離{6}[m]以上#３５０００[V]超過は#離隔距離{7}[m]以上,アーク/火花/爆発/騒音,耐火性/難燃性/不燃性/自消性のある難燃性,可燃性/爆発性/耐熱性/腐食性,1/0.5/2/0.8,2/1/1.5/3,1/0.5/2/0.8,2/1/1.5/3,,,
2,43,電技第１０条,電技第１０条より、#電気設備の必要な箇所には、異常時の{1}、{2}の侵入等による{3}、{4}その他人体に{5}を及ぼし、又は物件へ{6}を与えるおそれがないよう、{7}その他の適切な措置を講じなければならない。,電位上昇/大電流/異常電圧/短絡電流,高電圧/電圧/電流/有効電力,感電/感知/短絡/漏電,火災/爆発/アーク/地絡,危害/危険/影響/損傷,損傷/損壊/危害/影響,接地/接触防護措置/高圧保安工事/絶縁,,,
2,44,解釈第２８条,解釈第２８条より、|高圧計器用変成器の２次側電路には#{1}接地工事を施すこと。|特別高圧計器用変成器の２次側電路には#{2}接地工事を施すこと。,D種/A種/B種/C種,A種/D種/B種/C種,,,,,,,,
2,45,解釈第２９条,解釈第２９条より抜粋１、#電路に施設する機械器具の金属製の台及び外箱（外箱のない変圧器又は計器用変成器にあっては鉄心）には、使用電圧の区分に応じ、次に規定する{1}を施すこと。|使用電圧が低圧で３００[V]以下#{2}接地工事|使用電圧が低圧で３００[V]超過#{3}接地工事|使用電圧が高圧又は特別高圧#{4}接地工事|ただし、外箱を充電して使用する機械器具に人が触れるおそれがないようにさくなどを設けて施設する場合又は絶縁台を設けて施設する場合は、この限りでない。,接地工事/高圧保安工事/接触防護措置/簡易接触防護措置,D種/A種/B種/C種,C種/A種/B種/D種,A種/C種/B種/D種,,,,,,
2,46,解釈第２９条,解釈第２９条より抜粋２、#機械器具が次の各号のいずれかに該当する場合は、同条の規定（機械器具の金属製外箱等の接地）によらないことができる※。|（Ａ）対地電圧が交流{1}[V]以下、直流{2}[V]以下の機械器具を、{3}場所に施設する場合|（Ｂ）低圧用の機械器具を乾燥した木製の床その他これに類する絶縁性のものの上で取り扱うように施設する場合|（Ｃ）{4}の適用を受ける{5}の構造の機械器具を施設する場合|（Ｄ）低圧用の機械器具に電気を供給する電路の電源側に２次側線間電圧が{6}[V]以下であって、容量が{7}[kVA]以下の絶縁変圧器を施設し、かつ、当該絶縁変圧器の負荷側の電路を接地しない場合|（Ｅ）水気のある場所以外の場所に施設する低圧用の機械器具に電気を供給する電路に、{4}の適用を受ける定格感度電流が{8}[mA]以下、動作時間が{9}秒以下の電流動作型の{10}を施設する場合|（Ｆ）金属製外箱等の周囲に適当な絶縁台を設ける場合|（Ｇ）外箱のない計器用変成器がゴム、合成樹脂その他の絶縁物で被覆したものである場（Ｈ）低圧用若しくは高圧用の機械器具等を、木柱その他これに類する絶縁性のものの上であって、人が触れるおそれがない高さに施設する場合,150/300/450/600,300/450/750/600,乾燥した/展開した/水気のある場所以外/人の往来が少ない,電気用品安全法/電気事業法/電気工事士法/電気関係報告規則,２重絶縁/3重絶縁/4重絶縁,300/150/450/600,3/0.2/2/0.3,15/20/10/30,0.1/0.5/0.4/0.3,漏電遮断器/過電流遮断器/配線用遮断器/地絡遮断器
2,47,解釈第２９条,解釈第２９条より抜粋４、#太陽電池モジュールに接続する直流電路に施設する機械器具であって、使用電圧が{1}[V]を超え{2}[V]以下のものの金属製外箱等に施す{3}接地工事の接地抵抗値は、次の各号に適合する場合においては解釈第１７条第３項（{3}接地工事）の規定によらず、{4}[Ω]以下とすることができる※。|①直流電路は、{5}であること。|②直流電路に接続する逆変換装置の交流側に、{6}を施設すること。|③太陽電池モジュールの合計出力は、{7}[kW]以下であること。,300/150/450/600,450/600/750/1000,C種/A種/B種/D種,100/10/50/500,非接地/接地/絶縁/非絶縁,絶縁変圧器/高周波変圧器/限流リアクトル/直列リアクトル,10/20/30/50,,,
2,48,解釈第１９条,解釈第１９条第２項より、#同条の規定（保安上必要な接地等）により電路に接地を施す場合の接地工事は、次の各号によること。|①接地極は、故障の際にその近傍の大地との間に生じる{1}により、人若しくは家畜又は他の{2}に{3}を及ぼすおそれがないように施設すること。|②接地線は、引張強さ{4}[kN]以上の容易に腐食し難い金属線又は直径{5}[mm]以上の軟銅線であるとともに、故障の際に流れる電流を{6}に通じることのできるものであること。#ただし、低圧電路の中性点に施設するものにあっては、引張強さ{7}[kN]以上の容易に腐食し難い金属線又は直径{8}[mm]以上の軟銅線|③接地線は、{9}を受けるおそれがないように施設すること。|④接地線に接続する抵抗器又はリアクトルその他は、故障の際に流れる電流を{6}に通じることのできるものであること。|⑤接地線、及びこれに接続する抵抗器又はリアクトルその他は、取扱者以外の者が出入りできない場所に施設し、又は{10}を施すこと。,電位差/電圧差/電力差/電流差,工作物/物件/建造物/電気設備,危険/危害/影響/障害,2.46/1.04/0.39/5.26,4/5/1.6/2.6,安全/確実/正確/適正,1.04/2.46/0.39/5.26,2.6/1.6/4/5,損傷/損壊/影響/障害,接触防護措置/簡易接触防護措置/高圧保安工事/接地工事
2,49,解釈第１７条（１）,解釈第１７条より抜粋１、#Ａ種接地工事は次の各号によること。|①接地抵抗値は{1}[Ω]以下であること。|②接地線は次に適合するもの。#〇故障の際に流れる電流を{2}に通じることができるものであること。#〇引張強さ{3}[kN]以上の容易に腐食し難い金属線又は直径{4}[mm]以上の軟銅線であること#ただし、可とう性を必要とする部分を除く。|③接地線は、{5}用地線を施設してある支持物に施設しないこと。,10/100/30/3,安全/確実/正確/適正,1.04/2.46/0.39/5.26,2.6/1.6/4/5,避雷針/変圧器/遮断器/コンデンサ,,,,,
2,50,解釈第１７条（２）,解釈第１７条より抜粋３、#Ａ種接地工事及びＢ種接地工事において、接地極及び接地線を人が触れるおそれがある場所に施設する場合は次により施設すること|①接地極は地下{1}[cm]以上の深さに埋設すること。|②接地線の地下{2}[cm]から地表上{3}[m]までの部分は、電気用品安全法の適用を受ける{4}又はこれと同等以上の絶縁効力及び強さのあるもので覆うこと。ただし、厚さ{5}[mm]未満の合成樹脂製電線管及び{6}を除く。|③接地線には、{7}及び通信用ケーブルを除いた絶縁電線又はケーブルを使用する。#ただし、接地線を鉄柱等に沿って施設しない場合には、接地線の地表上{8}[cm]を超える部分については、この限りでない。|④接地極を鉄柱等に近接して施設する場合は次のいずれかによること。#（Ａ）接地極を鉄柱等の底面から{9}[cm]以上の深さに埋設すること。#（Ｂ）接地極を地中でその金属体から{10}[m]以上離して埋設すること。,75/60/100/50,75/60/100/50,2/1.5/1/3,合成樹脂管/金属管/CD管/防護管,2/0.8/1.2/1.5,ＣＤ管/金属管/防護管/可とう電線管,屋外用ビニル絶縁電線/低圧用絶縁電線/屋内用ビニル絶縁電線/特別高圧用絶縁電線,60/50/30/75,30/60/50/75,1/0.5/2/1.5
2,51,解釈第１７条（３）,解釈第１７条より抜粋４、#Ｃ種接地工事及びＤ種設置工事は次の各号によること。|①接地抵抗値はＣ種設置工事では{1}[Ω]以下、Ｄ種設置工事では{2}[Ω]以下であること。#ただし、地絡時に{3}秒以内に電路を遮断する装置を施設するときは{4}[Ω]以下であること。|②接地線は次に適合するものであること。#〇故障の際に流れる電流を安全に通じることができるものであること。#〇引張強さ{5}[kN]以上の容易に腐食し難い金属線又は直径{6}[mm]以上の軟銅線であること。#ただし、可とう性を必要とする部分は次のいずれかのものであること。#(Ａ)多心コード又は多心キャブタイヤケーブルの１心であって、断面積が{7}[mm2]以上のもの#(Ｂ)可とう性を有する軟銅より線であって、断面積が{8}[mm2]以上のもの,10/30/3/100,100/500/10/300,0.5/0.1/0.2/1,500/100/300/200,0.39/2.46/1.04/5.26,1.6/2.6/4/5,0.75/1/1.25/2,1.25/0.75/1/2,,
2,52,解釈第１８条,解釈第１８条第２項より、#大地との間の電気抵抗値が{1}[Ω]以下の値を保っている建物の鉄骨その他の金属体は、これを次の各号に掲げる接地工事の接地極に使用することができる。|①{2}式高圧電路に施設する機械器具等に施す{3}接地工事|②{2}式高圧電路と低圧電路を結合する変圧器に施す{4}接地工事,2/3/5/10,非接地/接地/絶縁,A種/D種/B種/C種,B種/D種/A種/C種,,,,,,
2,53,電技第２７条,電技第２７条の２第１項より、#変圧器、開閉器、電線路等を発変電所等以外の場所に施設するに当たっては、通常の使用状態において、{1}作用により人の健康に{2}を及ぼすおそれがないよう、当該機器それぞれの付近において、人によって占められる空間に相当する空間の磁束密度の{3}が、商用周波数において{4}[μＴ]以下になるように施設しなければならない。ただし、田畑、山林その他の{5}場所において、人体に{6}を及ぼすおそれがないように施設する場合は、この限りでない。,電磁誘導/静電誘導/電食,影響/危害/危険/障害,平均値/最大値/最高値/最小値,200/300/100/500,人の往来が少ない/人気の少ない/交通の少ない/交通の支障のない,危害/危険/障害/影響,,,,
2,54,電技第２７条,電技第２７条の２第２項より、#変電所又は開閉所は、通常の使用状態において、当該施設からの{1}作用により人の健康に{2}を及ぼすおそれがないよう、当該施設の付近において、人によって占められる空間に相当する空間の磁束密度の{3}が、商用周波数において{4}[μＴ]以下になるように施設しなければならない。ただし、田畑、山林その他の人の往来が少ない場所において、{5}に危害を及ぼすおそれがないように施設する場合は、この限りでない。,電磁誘導/静電誘導/電食,影響/危害/危険/障害,平均値/最大値/最高値/最小値,200/300/100/500,人体/人畜/物件/電気工作物,,,,,
2,55,電技第１２条（１）,電技第１２条第１項より#高圧又は特別高圧の電路と低圧の電路とを結合する変圧器は、高圧又は特別高圧の{1}による低圧側の電気設備の損傷、感電又は火災のおそれがないよう、当該変圧器における適切な箇所に{2}を施さなければならない。@ただし、施設の方法又は構造によりやむを得ない場合であって、変圧器から離れた箇所における接地その他の適切な措置を講ずることにより低圧側の電気設備の損傷、感電又は火災のおそれがない場合は、この限りでない。,電圧の侵入/異常電圧/電圧変動,接地/保護装置/開閉器/避雷器,,,,,,,,
2,56,解釈第２４条,解釈第２４条より抜粋２#高圧電路又は特別高圧電路と低圧電路とを結合する変圧器に施すＢ種接地工事は、次のいずれかの箇所に接地工事を施すこと。@（Ａ）低圧側の{1}@（Ｂ）低圧電路の使用電圧が{2}[V]以下の場合において、接地工事を低圧側の中性点に施し難いときは、低圧側の１端子@（Ｃ）低圧電路が{3}である場合においては、高圧巻線又は特別高圧巻線と低圧巻線との間に設けた金属製の混触防止板,中性点/一端子,300/150/600/450,非接地/使用電圧#300[V]以上,,,,,,,
2,57,電技第１２条（２）,電技第１２条第２項より#変圧器によって*特別高圧の電路*に結合される*高圧の電路*には、特別高圧の電圧の侵入による高圧側の電気設備の損傷、感電又は火災のおそれがないよう、接地を施した{1}の施設その他の適切な措置を講じなければならない。,放電装置/抑圧装置/制限装置/放圧装置,,,,,,,,,
2,58,解釈第２５条,解釈第２５条より#変圧器によって*特別高圧電路*に結合される*高圧電路*※には、使用電圧の{1}の電圧が加わったときに放電する装置を、その変圧器の端子に近い1極に設けること。ただし、使用電圧の{1}の電圧が加わったときに放電する避雷器を高圧電路の母線に施設する場合は、この限りでない。@また、放電する装置には、{2}接地工事を施すこと。,３倍以下/１．５倍以下/２倍以下/５倍以下,Ａ種/Ｂ種/Ｃ種/Ｄ種,,,,,,,,
2,59,電技第１３条,電技第１３条より#*特別高圧を直接低圧に変成する変圧器*は、次に掲げる場合を除き、施設してはならない。@①{1}、公衆が立ち入らない場所に施設する場合@②{2}措置が講じられている等危険のおそれがない場合@③特別高圧側の巻線と低圧側の巻線とが{3}した場合に自動的に電路が遮断される装置の施設その他の保安上の適切な措置が講じられている場合,発電所等/需要場所等/高所等/山地等,混触防止/電圧抑制/感電防止,混触/接触/接続,,,,,,,
2,60,電技第１４条,電技第１４条より#電路の必要な箇所には、*過電流*による過熱焼損から電線及び電気機械器具を保護し、かつ、{1}を防止できるよう、{2}を施設しなければならない。,火災の発生/感電/地絡/漏電,過電流遮断器/負荷開閉器/短絡電流遮断器/過負荷遮断器,,,,,,,,
2,61,解釈第３３条（１）,解釈第３３条第２項より#過電流遮断器として*低圧電路*に施設する*ヒューズ*は、*水平*に取り付けた場合において、次の各号に適合するものであること。 @①定格電流の{1}の電流に耐えること。②定格電流の区分に応じ、定格電流の*１．６倍*及び*２倍*の電流を通じた場合において、次に掲げる時間内に溶断すること。@〇３０[A]以下の場合#１．６倍は{2}分以内#２倍は{3}分以内@〇３０～６０[A]以下の場合#１．６倍は{2}分以内#２倍は{4}分以内,１．１倍/１．０倍/１．２５倍/１．３倍,６０/３０/１０/１２０,２/１０/３０/６０,４/１０/３０/２,,,,,,
2,62,解釈第３３条（２）,解釈第３３条第３項より#過電流遮断器として低圧電路に施設する*配線用遮断器*は、次の各号に適合するものであること。@①定格電流の{1}倍の電流で自動的に動作しないこと。@②定格電流の区分に応じ定格電流の*１．２５倍*及び*２．０倍*の電流を通じた場合において、次に掲げる時間内に自動的に動作すること。@〇３０[A]以下の場合#１．２５倍は{2}分以内#２倍は{3}分以内@〇３０～５０[A]以下の場合#１．２５倍は{2}分以内#２倍は{4}分以内,１．０/１．１/１．３/０．９,６０/３０/１０/１２０,２/１０/３０/６０,４/１０/３０/２,,,,,,
2,63,解釈第３４条（１）,解釈第３４条第２項より#過電流遮断器として*高圧電路*に施設する*包装ヒューズ*は、次の各号のいずれかのものであること。@（Ａ）定格電流の{1}倍の電流に耐え、かつ、２倍の電流で{2}分以内に溶断するもの@（Ｂ）日本産業規格の「*高圧限流ヒューズ*」に適合すること。,１．３/１．１/１，０/１．２５,120/60/30/2,,,,,,,,
2,64,解釈第３４条（２）,解釈第３４条第３項より#過電流遮断器として*高圧電路*に施設する*非包装ヒューズ*は、定格電流の{1}倍の電流に耐え、かつ、２倍の電流で{2}分以内に溶断するものであること。,１．２５/１．３/１．１/１．０,２/１２０/６０/３０,,,,,,,,
2,65,電技第１５条,電技第１５条より#電路には、*地絡*が生じた場合に、電線若しくは電気機械器具の損傷、感電又は火災のおそれがないよう、{1}の施設その他の適切な措置を講じなければならない。@ただし、電気機械器具を乾燥した場所に施設するなど、地絡による危険のおそれがない場合は、この限りでない。,地絡遮断器/過電流遮断器/開閉器,,,,,,,,,
2,66,解釈第３６条,解釈第３６条第１項より#金属製外箱を有する使用電圧が{1}[V]を超える低圧の機械器具に接続する電路には、電路に地絡を生じたときに自動的に電路を遮断する装置を施設すること。#ただし、次の各号のいずれかに該当する場合はこの限りでない。@（Ａ）機械器具に{2}措置※を施す場合@（Ｂ）機械器具を次のいずれかの場所に施設する場合#（a）発電所又は変電所、開閉所若しくはこれらに準ずる場所#（b）{3}場所#（c）機械器具の対地電圧が{4}[V]以下の場合においては、*水気のある場所以外の場所*@（Ｃ）機械器具が、次のいずれかに該当するものである場合#（a）電気用品安全法の適用を受ける{5}構造のもの#（b）ゴム、合成樹脂その他の絶縁物で被覆したもの#（c）誘導電動機の２次側電路に接続されるもの#（d）解釈第１３条に掲げる大地との絶縁が困難なもの@（Ｄ）機械器具に施された*Ｃ種接地工事*又は*Ｄ種接地工事*の接地抵抗値が{6}[Ω]以下の場合@（Ｅ）電路の系統電源側に、機械器具側の線間電圧が３００[V]以下の絶縁変圧器を施設するとともに、当該絶縁変圧器の機械器具側の電路を非接地とする場合@（Ｆ）機械器具内に電気用品安全法の適用を受ける漏電遮断器を取り付け、かつ、電源引出部が損傷を受けるおそれがないように施設する場合@（Ｇ）機械器具を太陽電池モジュールに接続する直流電路に施設し、かつ、当該電路が次に適合する場合#①直流電路は、非接地であること。#②直流電路に接続する逆変換装置の交流側に絶縁変圧器を施設すること。#③直流電路の対地電圧は、４５０[V]以下であること。@（Ｈ）電路が、管灯回路である場合,60/150/300/30,簡易接触防護/接触防護,乾燥した/湿気の多い場所#以外の場所,１５０/３００/４５０/６００,２重絶縁/絶縁/感電防止,3/10/100/2,,,,
2,67,電技第１６条,電技第１６条より#電気設備は、他の電気設備その他の{1}に電気的又は{2}な障害を与えないように施設しなければならない。,物件の機能/供給設備/負荷設備/設備の性能,磁気的/物理的,,,,,,,,
2,68,電技第４２条,電技第４２条第２項より#電線路は、*弱電流電線路*に対し、{1}により通信上の障害を及ぼさないように施設しなければならない。@ただし、弱電流電線路の管理者の承諾を得た場合は、この限りでない。,誘導作用/静電誘導/電磁波/過電流,,,,,,,,,
2,69,電技第１８条,電技第１８条第１項より#高圧又は特別高圧の電気設備は、その{1}により*一般送配電事業者*の{2}に著しい支障を及ぼさないように施設しなければならない。,損壊/破壊/損傷,電気の供給/事業の継続/供給設備,,,,,,,,
2,70,解釈第４４条,解釈第４４条より#発電所又は変電所若しくはこれに準ずる場所に施設する*蓄電池*には、次の各号に掲げる場合に、自動的にこれを電路から遮断する装置を施設すること。#ただし、非常用予備電源として用いるものを除く。@①蓄電池に{1}が生じた場合@②蓄電池に{2}が生じた場合@③制御装置に{3}が生じた場合④内部温度が高温のものにあっては、断熱容器の内部温度が{4}した場合,過電圧/過負荷/劣化/錆,過電流/過負荷/劣化,異常/劣化/欠陥,著しく上昇/急上昇/低下/安定,,,,,,
2,71,解釈第３７条,解釈第３７条第１項より#高圧及び特別高圧の電路中、次の各号に掲げる箇所又はこれに近接する箇所には、*避雷器*を施設すること。@①発電所又は変電所若しくはこれに準ずる場所の架空電線の{1}#ただし、需要場所の{2}は③④による。@②架空電線路に接続する、解釈第２６条（特別高圧配電用変圧器）に規定する配電用変圧器の{3}@③*高圧架空電線路*から電気の供給を受ける受電電力が{4}[kW]以上の需要場所の引込口@④*特別高圧架空電線路*から電気の供給を受ける需要場所の引込口ただし、変電所が隣接する場合等、直接接続する電線が短い場合は、この限りではない。@（補足）雷に対する保護の規定について、技術基準（省令）と比べて技術基準の解釈では避雷器の設置基準が緩和されている。,引込口及び引出口/引込口/引出口,引込口/引出口/引込口及び引出口,高圧側及び特別高圧側/高圧側/特別高圧側,５００/１０００/２０００/１００,,,,,,
2,72,電技第３６条,電技第３６条より#{1}を使用する開閉器、断路器及び遮断器は、架空電線路の支持物に施設してはならない。@（補足）これを絶縁媒体とする開閉器等は、柱上開閉器として用いることができないということ。,絶縁油/ガス/空気/鉄,,,,,,,,,
2,73,電技第４０条,電技第４０条より#{1}の架空電線路は、その電線がケーブルである場合を除き、市街地その他人家の密集する地域に施設してはならない。@ただし、断線又は倒壊による当該地域への危険のおそれがないように施設するとともに、その他の絶縁性、電線の強度等に係る保安上十分な措置を講ずる場合は、この限りでない。,特別高圧/高圧/高圧及び特別高圧,,,,,,,,,
3,1,電技第１９条１０項,電技第１９条第１０項より#中性点直接接地式電路に接続する変圧器を設置する箇所には、絶縁油の{1}及び{2}を防止するための措置が施されていなければならない。,構外への流出/劣化/酸化/減少,地下への浸透/劣化/酸化/減少,,,,,,,,
3,2,電技第１９条第１４項,電技第１９条第１４項より#{1}を含有する絶縁油を使用する電気機械器具及び電線は、電路に施設してはならない。,ポリ塩化ビフェニル/植物油,,,,,,,,,
3,3,電技解釈第３２条,解釈第３２条より#{1}を含有する絶縁油とは、絶縁油に含まれるポリ塩化ビフェニルの量が試料１[kg]につき{2}[mg]以下である絶縁油以外のものである。,ポリ塩化ビフェニル/植物油,0.5/0.05/0.1/5000,,,,,,,,
3,4,電技第６条,電技第６条より#電線、支線、架空地線、弱電流電線等は、{1}において{2}のおそれがないように施設しなければならない。,通常の使用状態/強風時/台風接近時/想定外の使用状態,断線/地絡/短絡/損壊,,,,,,,,
3,5,電技第２０条,電技第２０条より#電線路は、施設場所の{1}に応じ、{2}のおそれがないように施設しなければならない。,状況及び電圧/状況及び状態/環境及び電圧/環境及び状態,感電又は火災/感電又は損壊/損壊又は火災/地絡又は短絡,,,,,,,,
3,6,電技第２２条,電技第２２条より#*低圧電線路*中、絶縁部分の電線と大地との間及び電線の線心相互間の絶縁抵抗は、使用電圧に対する漏えい電流が{1}の{2}を超えないようにしなければならない。,最大供給電流/電線の許容電流/負荷電流,2000分の1/3000分の1/1000分の1/500分の1,,,,,,,,
3,7,電技第２８条,電技第２８条より#電線路の電線等は、他の電線等と{1}し、若しくは{2}する場合又は{3}に施設する場合には、他の電線等を損傷するおそれがなく、かつ、*接触、断線*等によって生じる、{4}による*感電又は火災*のおそれがないように施設しなければならない。,接近/接触/接続,交さ/平行,同一の支持物/同一の管内/同一の需要場所/同一の#電気使用場所,混触/短絡/地絡/漏電,,,,,,
3,8,電技第２１条第１項,電技第２１条第１項より#低圧又は高圧の架空電線には、{1}のおそれがないよう、{2}に応じた*絶縁性能*を有する*絶縁電線又はケーブル*を使用しなければならない。@ただし、通常予見される*使用形態*を考慮し、{1}のおそれがない場合は、この限りでない。,感電/火災/断線/接触,使用電圧/周囲の環境/使用状況/最大使用電圧,,,,,,,,
3,9,電技解釈第５３条,解釈第５３条より#架空電線路の支持物に取扱者が昇降に使用する足場金具等を施設する場合は、地表上{1}[m]以上に施設すること。#ただし、次の*いずれか*に該当する場合はこの限りでない。@①足場金具等が{2}である場合@②支持物に{3}のための装置を施設する場合@③支持物の周囲に{4}が立ち入らないように、さく、へい等を施設する場合@④支持物を{5}であって人が容易に立ち入るおそれがない場所に施設する場合,１．８/２．０/１．６/２．２,内部に格納#できる構造/取外し可能#な構造/昇降が容易#ではない構造,昇塔防止/注意喚起/危険表示/墜落防止,取扱者以外の者/知識及び技能を#有しない者/一般公衆/設備管理者#以外の者,山地等/構内等/がけ等,,,,,
3,10,電技第２５条第１項,電技第２５条第１項より#架空電線等は、{1}又は{2}による感電のおそれがなく、かつ、{3}を及ぼすおそれがない*高さ*に施設しなければならない。,接触/接近/断線,誘導作用/接近/断線/地絡,交通に支障/歩行者に危害/車両に危害/供給に支障,,,,,,,
3,11,架空電線の高さ（１）,解釈第６８条より抜粋１#架空電線が*道路を横断*する場合は次の高さ以上で施設すること。@・高圧#　路面上{1}[m]以上@・低圧#　路面上{2}[m]以上#ただし、車両の往来がまれであるもの及び歩行の用にのみ供される部分を除く。,６．０/５．０/５．５/３．５,６．０/５．０/５．５/４．５,,,,,,,,
3,12,架空電線の高さ（２）,解釈第６８条より抜粋２#架空電線が*鉄道又は軌道を横断*する場合は次の高さ以上で施設すること。@・高圧#　レール面上{1}[m]以上@・低圧#　レール面上{2}[m]以上,５．５/６．０/５．０/３．５,５．５/６．０/５．０/３．５,,,,,,,,
3,13,架空電線の高さ（３）,解釈第６８条より抜粋３#架空電線を*横断歩道橋上*に施設する場合は次の高さ以上で施設すること。@・高圧#　路面上{1}[m]以上@・低圧#　路面上{2}[m]以上,３．５/３．０/５．０/５．５,３．０/３．５/５．０/５．５,,,,,,,,
3,14,架空電線の高さ（４）,解釈第６８条より抜粋４#架空電線が道路を横断、軌道を横断、横断歩道橋上ではない箇所に施設する場合、次の高さ以上で施設すること。@・高圧#　路面上{1}[m]以上@・低圧#　路面上{2}[m]以上|ただし、低圧架空電線のみ、次のいずれかの場合は路面上{3}[m]以上に施設すること。@（Ａ）*道路以外の場所*に施設する場合@（Ｂ）*屋外照明用*であって、絶縁電線又はケーブルを使用した対地電圧*１５０[V]以下*の架空電線を交通に支障のないように施設する場合,５．０/６．０/５．５/４．５,５．０/４．０/５．５/４．５,４．０/３．５/４．５/３．０,,,,,,,
